"Date","AAPL","SP500"
2022-01-04,-0.0127727477121926,-0.000629820252203928
2022-01-05,-0.0269598182406003,-0.0195832643045009
2022-01-06,-0.0168344261371169,-0.000964233740180731
2022-01-07,0.000987792672870746,-0.00405844108233566
2022-01-10,0.000116194723468688,-0.00144207053753931
2022-01-11,0.0166443936166072,0.00911828645239865
2022-01-12,0.00256711141142585,0.00281379201466692
2022-01-13,-0.019211505028033,-0.0143460292343995
2022-01-14,0.00509771584374175,0.000819644269590469
2022-01-18,-0.0190751072506252,-0.0185591053980083
2022-01-19,-0.0212486093087954,-0.00973679094146007
2022-01-20,-0.0104012328091052,-0.0110987423043323
2022-01-21,-0.0128471790797571,-0.0190959953246352
2022-01-24,-0.0048763642612899,0.00276790475827049
2022-01-25,-0.0114500141916132,-0.0122465905568667
2022-01-26,-0.000563272061233633,-0.00149775692588605
2022-01-27,-0.00294765532627217,-0.00539863519997041
2022-01-28,0.0674508210488618,0.0240559679147356
2022-01-31,0.0257903041522827,0.0187098262229846
2022-02-01,-0.00097294549942184,0.00683956034831823
2022-02-02,0.00701937685756349,0.00937840044832328
2022-02-03,-0.0168610461224779,-0.0246934717201199
2022-02-04,-0.00168079759236672,0.00514367843986285
2022-02-07,-0.00424338118650258,-0.00370858092782811
2022-02-08,0.0182982612226503,0.00836611346663396
2022-02-09,0.00825946168197067,0.0144128420792651
2022-02-10,-0.0238819655462308,-0.0182818244850562
2022-02-11,-0.0204252936339522,-0.0191516826380855
2022-02-14,0.00142207549871998,-0.00384799075562903
2022-02-15,0.0228885228737843,0.0156437176460642
2022-02-16,-0.00138996384941592,0.000880819720283199
2022-02-17,-0.0214985590243684,-0.0214005041369365
2022-02-18,-0.00939992255658328,-0.0071919616638656
2022-02-22,-0.0179726497246975,-0.0101947354350163
2022-02-23,-0.0262046763794377,-0.0185837357487877
2022-02-24,0.0165426357256004,0.0148461052527242
2022-02-25,0.0128820827351825,0.0221260805512653
2022-02-28,0.0016366059595887,-0.00244559146312717
2022-03-01,-0.0116959987075749,-0.0155944677866113
2022-03-02,0.0203789274827679,0.0184710467806504
2022-03-03,-0.001982888624112,-0.00526852074424511
2022-03-04,-0.0185800382071601,-0.00796568454300228
2022-03-07,-0.0240030756676513,-0.0299625868144151
2022-03-08,-0.0117452007060876,-0.00726004397569824
2022-03-09,0.0343990273602435,0.0253735981221404
2022-03-10,-0.0275623031854382,-0.00430104992024738
2022-03-11,-0.0241994739763918,-0.0130462789332384
2022-03-14,-0.0269214690287383,-0.00744867509553337
2022-03-15,0.0292454991652935,0.0211826297241462
2022-03-16,0.028602608818967,0.0221369216483929
2022-03-17,0.00643305784442472,0.012272205068701
2022-03-18,0.0207032881128866,0.0115948144118878
2022-03-21,0.00850151671559551,-0.000434754854302
2022-03-22,0.0205871636391217,0.0112406995540741
2022-03-23,0.00819967965868873,-0.0123486302524949
2022-03-24,0.0224248129365749,0.0142420122816187
2022-03-25,0.00372706315808102,0.00505338070423633
2022-03-28,0.00502382710556581,0.00711955102004325
2022-03-29,0.0189538565710139,0.012182044101392
2022-03-30,-0.00667188742381786,-0.00631358899908996
2022-03-31,-0.0179356421592836,-0.0157763352268816
2022-04-01,-0.00171956131482975,0.00340442096146276
2022-04-04,0.0234171670046095,0.00805838253213409
2022-04-05,-0.0191238396898088,-0.0126311590740062
2022-04-06,-0.0186228829943991,-0.00976443391247805
2022-04-07,0.00180244145758568,0.00424436555203656
2022-04-08,-0.0119806753483589,-0.00265454667555254
2022-04-11,-0.0258467622539431,-0.0170213345846957
2022-04-12,0.0114574595116892,-0.00342330053045359
2022-04-13,0.0162102581682388,0.0111126032689022
2022-04-14,-0.0304471095671026,-0.0122184803835079
2022-04-18,-0.00133164913814454,-0.000204889272406916
2022-04-19,0.0140163442954888,0.0159300447493873
2022-04-20,-0.001015871093899,-0.000618666406182911
2022-04-21,-0.00485558005210507,-0.0148628555513106
2022-04-22,-0.0282152617086195,-0.0281320763773678
2022-04-25,0.00671423186676989,0.00568176514411256
2022-04-26,-0.0380423485553534,-0.0285500089285975
2022-04-27,-0.00146805598735877,0.00209584902496474
2022-04-28,0.0441658046908877,0.0244456553408323
2022-04-29,-0.0372917168063154,-0.0369591597846952
2022-05-02,0.00196460256512054,0.00565919929381842
2022-05-03,0.00957668953195423,0.00482546507535986
2022-05-04,0.0401897410078202,0.029425221557327
2022-05-05,-0.0573284758981645,-0.0363006775640997
2022-05-06,0.00471617949276482,-0.00569038441395264
2022-05-09,-0.0337526018708205,-0.0325615195396036
2022-05-10,0.0159835904688457,0.00245488176040887
2022-05-11,-0.0532335960911805,-0.0166002320956977
2022-05-12,-0.027262178618872,-0.00129680499411222
2022-05-13,0.0314176367929857,0.0235892679568686
2022-05-16,-0.0107297881711554,-0.00395420851772244
2022-05-17,0.0251049586086252,0.0199689195814621
2022-05-18,-0.0580731172466979,-0.0412338092912474
2022-05-19,-0.0249502764191556,-0.00585086477734897
2022-05-20,0.0017457996176784,0.000146131091991464
2022-05-23,0.0393350593265644,0.0183849954120596
2022-05-24,-0.019402562072143,-0.00815395090355686
2022-05-25,0.00113906837595845,0.0094063856489317
2022-05-26,0.0229346415344667,0.0196881660077199
2022-05-27,0.0399482347397777,0.0244411301958216
2022-05-31,-0.00536067150459552,-0.00629413519366651
2022-06-01,-0.000874041596762076,-0.00751090504115481
2022-06-02,0.016671834225777,0.018263225415545
2022-06-03,-0.0393187923768172,-0.0164824056098176
2022-06-06,0.00521383010451348,0.00313248940703659
2022-06-07,0.0174331280465267,0.00947833153171906
2022-06-08,-0.00505591087606128,-0.0108526230401544
2022-06-09,-0.0366182873448722,-0.024086457665156
2022-06-10,-0.039394451212396,-0.0295424148114094
2022-06-13,-0.0390367426862435,-0.0395399319900402
2022-06-14,0.00665023468895232,-0.00378081803948938
2022-06-15,0.0199120685355592,0.0144870588365347
2022-06-16,-0.040459133967552,-0.0330522071138404
2022-06-17,0.0114672877649378,0.00219844734101216
2022-06-21,0.0322355571042756,0.0241824749606732
2022-06-22,-0.0038343161605594,-0.00130242009535841
2022-06-23,0.021343928944404,0.00948707248555714
2022-06-24,0.0242215652005067,0.0301055397299006
2022-06-27,0,-0.00297749989034024
2022-06-28,-0.0302423387670716,-0.0203486731494955
2022-06-29,0.0129398008810169,-0.000711998820172255
2022-06-30,-0.018192338553364,-0.00879786624636836
2022-07-01,0.016035266673275,0.0104985112966407
2022-07-05,0.0187531757683272,0.00158287510619282
2022-07-06,0.00956165456988778,0.00356679570506557
2022-07-07,0.0237161007378273,0.0148537231809307
2022-07-08,0.0047034550964753,-0.000830616396127581
2022-07-11,-0.0148678781716995,-0.0115944176605254
2022-07-12,0.00681063535977344,-0.00928686849749383
2022-07-13,-0.00254000476450766,-0.00446686411181574
2022-07-14,0.0202755214742902,-0.00300313881276537
2022-07-15,0.0113853431731554,0.0190192316586337
2022-07-18,-0.0208593119857063,-0.00839874248583605
2022-07-19,0.0263710007611708,0.0272535176437305
2022-07-20,0.0134194652759456,0.00587849394105788
2022-07-21,0.0149814399154371,0.00981306668950488
2022-07-22,-0.00814399616058026,-0.00937628729381323
2022-07-25,-0.00742574961768216,0.00131430297330581
2022-07-26,-0.00886565657449712,-0.0116103425992637
2022-07-27,0.0336621033726443,0.0258200487786286
2022-07-28,0.00356518581838028,0.012060319791912
2022-07-29,0.0322669723516542,0.0141077757817545
2022-08-01,-0.00617262180492517,-0.0028270765449161
2022-08-02,-0.00933062576214372,-0.00668468837887204
2022-08-03,0.0375342359543342,0.015517456270091
2022-08-04,-0.00192798855574772,-0.000777642449584448
2022-08-05,-0.00138994611912224,-0.00162706901891774
2022-08-08,-0.00290729417242908,-0.0012383171221213
2022-08-09,0.000303247624255043,-0.00425774423592706
2022-08-10,0.0258572578126888,0.0210671584604079
2022-08-11,-0.0044413219646211,-0.000705722922202057
2022-08-12,0.0211992718412732,0.0171740469514923
2022-08-15,0.00631343229471071,0.0039616840562342
2022-08-16,-0.000924252497137346,0.00187392282594701
2022-08-17,0.00874641014027588,-0.00726411486764711
2022-08-18,-0.00229424271614853,0.00226698960638494
2022-08-19,-0.0152170819654565,-0.0129839287130391
2022-08-22,-0.0232989262586516,-0.0216323664664948
2022-08-23,-0.00203104184194292,-0.00224037043443737
2022-08-24,0.00179228792861874,0.00291191669872326
2022-08-25,0.014812448062572,0.0139932418361077
2022-08-26,-0.038427961471287,-0.0342685763170394
2022-08-29,-0.0137850808032525,-0.00668867519732608
2022-08-30,-0.0154237104774113,-0.0110894164921156
2022-08-31,-0.0106919791420328,-0.0078477382081541
2022-09-01,0.00469572146966435,0.00299175226719584
2022-09-02,-0.0137044338602923,-0.010794552570724
2022-09-06,-0.00824922692295882,-0.00410346469089617
2022-09-07,0.00921145249856714,0.0181748486661704
2022-09-08,-0.00966427646679335,0.0065889668804413
2022-09-09,0.0186644621653516,0.015156014981212
2022-09-12,0.0377849813004794,0.0105286514839964
2022-09-13,-0.0604715258341084,-0.0441991630319745
2022-09-14,0.00950977798216268,0.00338128907884538
2022-09-15,-0.0191112684959496,-0.0113822721681505
2022-09-16,-0.0110205284846625,-0.00720804977566303
2022-09-19,0.0247732851560798,0.00683369772470499
2022-09-20,0.0155441748354228,-0.0113361147365989
2022-09-21,-0.0204759402461931,-0.0172646740985076
2022-09-22,-0.00639544048771334,-0.00846329383045408
2022-09-23,-0.015239469259928,-0.0173828287673299
2022-09-26,0.00225781843044359,-0.010394360890281
2022-09-27,0.00654473829079549,-0.00212261095482447
2022-09-28,-0.0127323640271912,0.0194811441811531
2022-09-29,-0.0503664318401098,-0.0213527948230983
2022-09-30,-0.0304994095359676,-0.0151813515462091
2022-10-03,0.030288923573683,0.0255545775309294
2022-10-04,0.0253003517925343,0.0301253414168006
2022-10-05,0.00205112899628457,-0.0020199875589384
2022-10-06,-0.0066478394966385,-0.0102979229113949
2022-10-07,-0.0374097631627768,-0.0284031965314782
2022-10-10,0.00235293692135041,-0.00752067313365323
2022-10-11,-0.0103080563190812,-0.00654051841232395
2022-10-12,-0.00461542614857091,-0.00329619965016548
2022-10-13,0.0330601732227578,0.0256342593076315
2022-10-14,-0.0327711613131747,-0.0239471207445288
2022-10-17,0.0287067932277472,0.0261355245575619
2022-10-18,0.00936545139892697,0.0113627682070874
2022-10-19,0.000764986218095842,-0.00669445523968548
2022-10-20,-0.003272460356877,-0.00798268673876557
2022-10-21,0.0266994542180408,0.0234477598604474
2022-10-24,0.0146941771452296,0.0118119402051118
2022-10-25,0.0191531767548048,0.0161357700158735
2022-10-26,-0.0198225746730269,-0.00741514039898838
2022-10-27,-0.0309390196866328,-0.00610118505318447
2022-10-28,0.072834436730238,0.0243280367708554
2022-10-31,-0.0155301136384418,-0.00748232703033658
2022-11-01,-0.0176986095813083,-0.00410966372035837
2022-11-02,-0.0380185554065271,-0.0253198437374831
2022-11-03,-0.0433303494592234,-0.0106424225319568
2022-11-04,-0.00194908621227174,0.013526823285563
2022-11-07,0.00389471567652322,0.00956806167936008
2022-11-08,0.00416637780154883,0.00558228282875994
2022-11-09,-0.0337534029763065,-0.0209967847123025
2022-11-10,0.0852364108190997,0.0539525156647969
2022-11-11,0.0190855901163118,0.00919831230477008
2022-11-14,-0.0095311909518303,-0.0089759405449179
2022-11-15,0.011799663444565,0.00867537641466853
2022-11-16,-0.00836579582705799,-0.00828628311187352
2022-11-17,0.0128879782105802,-0.0030941046442301
2022-11-18,0.00377441209177665,0.00474729564815846
2022-11-21,-0.0219186462504144,-0.00389124980027589
2022-11-22,0.0145546775372649,0.0134886062698296
2022-11-23,0.0059088891461867,0.00589726604173713
2022-11-25,-0.0197879726281966,-0.000283084262202138
2022-11-28,-0.0266153902145687,-0.0155646967940655
2022-11-29,-0.0213751797587287,-0.00159313370162373
2022-11-30,0.047450194087423,0.0304786435212954
2022-12-01,0.00188967358296299,-0.000868009829606109
2022-12-02,-0.00337713602477407,-0.00119537466376229
2022-12-05,-0.0080149482352132,-0.0180562496309715
2022-12-06,-0.0256975445741396,-0.0145038694229864
2022-12-07,-0.0138807672550358,-0.00186410725338249
2022-12-08,0.0120598298869199,0.00749363441393314
2022-12-09,-0.00344080578043293,-0.00737671946421159
2022-12-12,0.0162569184813082,0.01417830729965
2022-12-13,0.00675983376643785,0.00726322325545681
2022-12-14,-0.0156578229934174,-0.0060711166238363
2022-12-15,-0.047987685158164,-0.0252374779018254
2022-12-16,-0.0146861535459735,-0.011200239946012
2022-12-19,-0.0160373382982701,-0.00904832894110363
2022-12-20,-0.000529064279708003,0.00103680069788936
2022-12-21,0.0235305927927527,0.0147585486690556
2022-12-22,-0.0240595853906944,-0.0145571424981465
2022-12-23,-0.00280212240921518,0.00585095227191523
2022-12-27,-0.0139757960438107,-0.00405784403465859
2022-12-28,-0.0311658102495169,-0.0120934704429487
2022-12-29,0.0279309997661876,0.0173106343149936
2022-12-30,0.00246560018245034,-0.00254397564611075
2023-01-03,-0.0381223247406188,-0.00400857248127373
2023-01-04,0.0102615033952436,0.00751069456213926
2023-01-05,-0.0106613492646401,-0.0117138691364573
2023-01-06,0.0361334209806978,0.0225838355890318
2023-01-09,0.00408049401220456,-0.000767927325991735
2023-01-10,0.00444662021928011,0.00695399797059437
2023-01-11,0.0208923760279607,0.0127675711922937
2023-01-12,-0.000599576364587406,0.00341008491204242
2023-01-13,0.010068415531423,0.00398889214465648
2023-01-17,0.00871831382460186,-0.00203255543099701
2023-01-18,-0.00538457733122133,-0.0156849669777444
2023-01-19,0.000443759000179789,-0.00766767190181206
2023-01-20,0.0190381718331301,0.018741673552352
2023-01-23,0.0232289211794177,0.0118113159513289
2023-01-24,0.0100125185674838,-0.000711756364292881
2023-01-25,-0.00471194594003421,-0.000181741573465288
2023-01-26,0.0146947790638681,0.0109477080291143
2023-01-27,0.0135915470860644,0.00249173402170477
2023-01-30,-0.0202823378311114,-0.0130535693152929
2023-01-31,0.00898052016316964,0.0145363044164188
2023-02-01,0.00786972147475229,0.0103980562968857
2023-02-02,0.0363924217772018,0.0145923846268534
2023-02-03,0.0241068128377284,-0.010408592637285
2023-02-06,-0.0180913120245165,-0.00615939319393988
2023-02-07,0.0190616900962395,0.0127903640373983
2023-02-08,-0.017810383254897,-0.0111425730124122
2023-02-09,-0.00693565837545762,-0.008869009831038
2023-02-10,0.00245327341550183,0.00219285570921812
2023-02-13,0.0186320060273335,0.0113835699511551
2023-02-14,-0.00423383635050545,-0.00028045385549369
2023-02-15,0.0138078016828622,0.00276933753307596
2023-02-16,-0.0104842544142425,-0.0138846892048807
2023-02-17,-0.00757518228443921,-0.00277124217228319
2023-02-21,-0.0270421879684655,-0.020244783973471
2023-02-22,0.00289192549751593,-0.00157479548564332
2023-02-23,0.00328506532328632,0.00531527826323774
2023-02-24,-0.0181694910643255,-0.0105934646197756
2023-02-27,0.00821372152825628,0.00306829253955243
2023-02-28,-0.00345376014050469,-0.00304061983094783
2023-03-01,-0.0143483998917748,-0.00473646420349283
2023-03-02,0.004120805803562,0.00755359373119724
2023-03-03,0.0344883212792446,0.0160187491764834
2023-03-06,0.0183696673068052,0.000686930778847739
2023-03-07,-0.0146027964940023,-0.0154455904792634
2023-03-08,0.00834249894849304,0.00141379413560294
2023-03-09,-0.0150269442513276,-0.0186318579454809
2023-03-10,-0.013975924921187,-0.0145839694360674
2023-03-13,0.013178537479571,-0.00151090184073865
2023-03-14,0.0139907299579365,0.0163423882353637
2023-03-15,0.00261827291283279,-0.00700536392935369
2023-03-16,0.0185216079488049,0.0174095762490314
2023-03-17,-0.00546907705090494,-0.0110806212739529
2023-03-20,0.0153651886081558,0.0088788696359412
2023-03-21,0.011873397742951,0.0128986475185577
2023-03-22,-0.0091451365950368,-0.0166002486398416
2023-03-23,0.00694514024157478,0.00298008386918269
2023-03-24,0.00827132344646397,0.00562396308430202
2023-03-27,-0.0123694552377804,0.00164559956376742
2023-03-28,-0.00398822270956689,-0.00157508328838851
2023-03-29,0.0195973480726321,0.0141368707750473
2023-03-30,0.00984130093721713,0.00569899919948291
2023-03-31,0.0155232959713274,0.0143333277820368
2023-04-03,0.00767211536347379,0.00369202256580259
2023-04-04,-0.00325496906729139,-0.00581383974516214
2023-04-05,-0.0113543256041675,-0.00249548165712099
2023-04-06,0.0054807886338395,0.00357277313280235
2023-04-10,-0.0161012990375404,0.000995807017009298
2023-04-11,-0.00762013045075172,-4.13533329819415e-05
2023-04-12,-0.00436282417081468,-0.00414345632346169
2023-04-13,0.0335350734152495,0.0131755104978311
2023-04-14,-0.00211636427823869,-0.00207151758457869
2023-04-17,0.000121144168875986,0.00330070358261558
2023-04-18,0.00747656200147606,0.000854854803465699
2023-04-19,0.00694413546944617,-8.42655479402765e-05
2023-04-20,-0.00586335294245366,-0.00597033518831047
2023-04-21,-0.00982919969813434,0.000902781257300589
2023-04-24,0.00187679419337528,0.000851216778272601
2023-04-25,-0.00948045337205006,-0.0159371838185773
2023-04-26,-6.08739322789376e-05,-0.00384858350334483
2023-04-27,0.0279994810844739,0.0193771934026969
2023-04-28,0.00751253827614295,0.00821933131324393
2023-05-01,-0.000530276098648308,-0.000386181048510181
2023-05-02,-0.00621072777863141,-0.0116539066805732
2023-05-03,-0.00648848284008263,-0.0070229080548927
2023-05-04,-0.00996266673609725,-0.00724491345506273
2023-05-05,0.0458591352776994,0.0183061663818798
2023-05-08,-0.000403375982298115,0.00045202648488285
2023-05-09,-0.0100214755304266,-0.00458993894906001
2023-05-10,0.0103671471432527,0.00447394224191378
2023-05-11,0.00109412127152275,-0.00169806488970536
2023-05-12,-0.00543218317199923,-0.0015845615894392
2023-05-15,-0.00290178289461185,0.00295379768031623
2023-05-16,0,-0.00639810768191751
2023-05-17,0.00359666602192377,0.0118206886220715
2023-05-18,0.0135736412166754,0.00940072306372741
2023-05-19,0.000628120123393749,-0.00144691388067564
2023-05-22,-0.00549560899236923,0.000155022679802386
2023-05-23,-0.0152710722400622,-0.0112854687682837
2023-05-24,0.00163065670050777,-0.00734551267830597
2023-05-25,0.00667016566203404,0.00871945607901203
2023-05-26,0.0140061939748151,0.0129646809316402
2023-05-30,0.0106032554659361,1.66031306658709e-05
2023-05-31,-0.000282267913362944,-0.00612735818621424
2023-06-01,0.0158955503983131,0.00980621508585422
2023-06-02,0.00476419915399617,0.014429812390107
2023-06-05,-0.00759999337811301,-0.00200559149065782
2023-06-06,-0.00206247904590473,0.00235113023385125
2023-06-07,-0.00778646620182322,-0.003819293926421
2023-06-08,0.0153467889451573,0.00616957160752385
2023-06-09,0.00215742101790006,0.00114740102305078
2023-06-12,0.0155177676639129,0.00927797498175487
2023-06-13,-0.00261518093454782,0.00690857072590845
2023-06-14,0.00348525024145019,0.000819089980126364
2023-06-15,0.0111363435840879,0.01210458049359
2023-06-16,-0.00587692540042095,-0.00367837646775193
2023-06-20,0.00048649049639149,-0.00474635383523569
2023-06-21,-0.005691454688038,-0.00525908636692485
2023-06-22,0.016390188209944,0.00370393038733496
2023-06-23,-0.00171272607955242,-0.00768828805650301
2023-06-26,-0.00758151980700994,-0.00449693436313225
2023-06-27,0.0149467843972975,0.0113907335241823
2023-06-28,0.00630770976104778,-0.000354139388390351
2023-06-29,0.00179500053970028,0.00446356811449
2023-06-30,0.0228397470994421,0.0121943502618862
2023-07-03,-0.00781515780299191,0.00116999309267207
2023-07-05,-0.00588864415344226,-0.00197025809761264
2023-07-06,0.00250553587926028,-0.00795406117589437
2023-07-07,-0.00590873995311014,-0.00286921279573349
2023-07-10,-0.0109152209885872,0.00240213861062699
2023-07-11,-0.00281411629032391,0.00671958399825456
2023-07-12,0.00894547279786728,0.00738390523538968
2023-07-13,0.00404942319189594,0.00843448298962635
2023-07-14,0.000786892327393041,-0.00102493219690736
2023-07-17,0.0171575954712191,0.00384796957442113
2023-07-18,-0.00134115303188675,0.0070920669414285
2023-07-19,0.00704684262361699,0.00235513482723348
2023-07-20,-0.0101487671532752,-0.00677982739625804
2023-07-21,-0.00618075551707076,0.000324042014613113
2023-07-24,0.00421123098329534,0.00402603849687466
2023-07-25,0.00450347475291313,0.00281071957583912
2023-07-26,0.00453478739930535,-0.000155450978676086
2023-07-27,-0.00660276309248786,-0.00644539305519665
2023-07-28,0.0134173762681673,0.00982937581043331
2023-07-31,0.00316112983914074,0.00146763543656903
2023-08-01,-0.00428505151009695,-0.00266864530768274
2023-08-02,-0.0156112972513567,-0.0139362006383354
2023-08-03,-0.00734855322589478,-0.00255122545029174
2023-08-04,-0.0492113882298897,-0.00531416937393914
2023-08-07,-0.0174041904121829,0.00898361896485689
2023-08-08,0.00529756915482871,-0.00422720510005803
2023-08-09,-0.00899471946482588,-0.00706361910204656
2023-08-10,-0.00123525350640108,0.000250682521080847
2023-08-11,0.000337480719211136,-0.00107026489922823
2023-08-14,0.00934914905266915,0.00573400487941811
2023-08-15,-0.0112635114532598,-0.0116181393960968
2023-08-16,-0.00497142718622801,-0.00758408179262382
2023-08-17,-0.0146620574450358,-0.00774281137752908
2023-08-18,0.00281216505939152,-0.000148717883957872
2023-08-21,0.00770690488319303,0.00685563485980012
2023-08-22,0.00787402544494586,-0.00278133104654543
2023-08-23,0.0217113923791912,0.0109843307107909
2023-08-24,-0.0265189302319255,-0.0135493539840077
2023-08-25,0.0125636950146779,0.00669550106029604
2023-08-28,0.00880741501341475,0.00624507859419587
2023-08-29,0.0215756170552206,0.0144040687120572
2023-08-30,0.0189908715367864,0.00382585418119241
2023-08-31,0.00117171661977622,-0.00159821297433993
2023-09-01,0.00842783546618175,0.00179751276551876
2023-09-05,0.00126575770623205,-0.00420299782138223
2023-09-06,-0.0364495058696184,-0.00699601449143117
2023-09-07,-0.0296856399519321,-0.00321643311573361
2023-09-08,0.00348563971977534,0.0014256060622575
2023-09-11,0.00660079860209883,0.00670095149813577
2023-09-12,-0.0172079446056417,-0.00571216902300442
2023-09-13,-0.011925657074201,0.00124086211753394
2023-09-14,0.00874428828214313,0.0083945855336669
2023-09-15,-0.00416259449124912,-0.012234145842493
2023-09-18,0.0167719292948583,0.000721027694174481
2023-09-19,0.00616166228441362,-0.00215332736153329
2023-09-20,-0.0201947232516035,-0.00943920420629141
2023-09-21,-0.00892906506491542,-0.0165369183184882
2023-09-22,0.00493223823279898,-0.00229823740276025
2023-09-25,0.00735317359351839,0.00401499420380702
2023-09-26,-0.0236763159738995,-0.0148441654822644
2023-09-27,-0.0089373650713398,0.000229287772294029
2023-09-28,0.00152430202832132,0.00587587714300142
2023-09-29,0.00304192172859707,-0.00271325964829039
2023-10-02,0.0147265066595574,7.93644061527488e-05
2023-10-03,-0.00780015069533135,-0.0138393958634477
2023-10-04,0.00728211223203346,0.0080770476078289
2023-10-05,0.00717227515564733,-0.00130488114699645
2023-10-06,0.0146426037284169,0.0117456420939615
2023-10-09,0.00841564687524965,0.00628406811938831
2023-10-10,-0.0033577647668368,0.00519447609998558
2023-10-11,0.0078729280350851,0.00428381950009538
2023-10-12,0.00504850661817713,-0.00626602494065587
2023-10-13,-0.0103460771867461,-0.00503149566021932
2023-10-16,-0.000727217685391857,0.0105386423025902
2023-10-17,-0.00882336184402188,-9.82498794446229e-05
2023-10-18,-0.00742254554246458,-0.0134904082511511
2023-10-19,-0.00216328873891314,-0.00851903232805817
2023-10-20,-0.0148133628822951,-0.012665149196156
2023-10-23,0.000693862602253681,-0.00168699206543543
2023-10-24,0.00254014077314313,0.00723952351962964
2023-10-25,-0.0135835550507704,-0.0144434346572382
2023-10-26,-0.0249130379589397,-0.0119030812055847
2023-10-27,0.00793762232269568,-0.00481183857862177
2023-10-30,0.0122300317761228,0.0119384743002868
2023-10-31,0.00281494749557165,0.00645408482168719
2023-11-01,0.0185650794033974,0.0104511949901926
2023-11-02,0.0204820610408616,0.0186829389340861
2023-11-03,-0.00519472541087218,0.00934988354455157
2023-11-06,0.0144997640500311,0.0017514577241009
2023-11-07,0.0143473730724439,0.00283609340171154
2023-11-08,0.00586750476291886,0.00100441103242055
2023-11-09,-0.00262790405274682,-0.00811669069906884
2023-11-10,0.0229545013628067,0.0154957592707721
2023-11-13,-0.00862070329972209,-0.000836188441370567
2023-11-14,0.0141847877455703,0.0188953704745778
2023-11-15,0.00303615816107072,0.00159573820784686
2023-11-16,0.00900170622989727,0.00118971939671297
2023-11-17,-0.000105734916486355,0.001281227937179
2023-11-20,0.00923556397640368,0.00736310379379468
2023-11-21,-0.00423981601576706,-0.00202297593175693
2023-11-22,0.00350834383826371,0.00405290509431389
2023-11-24,-0.00702895834364359,0.000596695609644371
2023-11-27,-0.000948032838057777,-0.00195606931689873
2023-11-28,0.00320893059002181,0.000979638528050941
2023-11-29,-0.00542426444473865,-0.000946696615102383
2023-11-30,0.00305810113840366,0.00377693126499423
2023-12-01,0.00676828706704047,0.0058565589538464
2023-12-04,-0.00950965781764346,-0.00542318806382625
2023-12-05,0.020844500301779,-0.000569031593935065
2023-12-06,-0.00570330697053034,-0.00391385194494376
2023-12-07,0.01008827234799,0.00793661068482265
2023-12-08,0.00738506379614101,0.00408713414650386
2023-12-11,-0.013011628826221,0.00391681354778051
2023-12-12,0.00788878543203708,0.00458881279569212
2023-12-13,0.0165537906052755,0.0135583451750207
2023-12-14,0.000757572107661808,0.00264356518515463
2023-12-15,-0.00272951273061395,-7.62524004489507e-05
2023-12-18,-0.00853971630678441,0.00451812226340031
2023-12-19,0.00534581376529175,0.00584926745082015
2023-12-20,-0.0107716351895988,-0.0147931479653067
2023-12-21,-0.000770410085924489,0.0102487693072728
2023-12-22,-0.0055628390886735,0.00165868215275999
2023-12-26,-0.0028450957471966,0.00422276104697872
2023-12-27,0.000517928856681671,0.00142943561642284
2023-12-28,0.00222371589173243,0.000370106110327839
2023-12-29,-0.00543877510929924,-0.00283047703673489
2024-01-02,-0.0364428011295743,-0.00567666079972184
2024-01-03,-0.00751558064027158,-0.00804861832719794
2024-01-04,-0.012781597385227,-0.003434271663318
2024-01-05,-0.00402109887704061,0.00182402163943429
2024-01-08,0.0238872402469097,0.0140159454363538
2024-01-09,-0.00226589155551338,-0.00147899385231831
2024-01-10,0.00565542094508764,0.00564998065049593
2024-01-11,-0.00322777541452446,-0.00067128083696133
2024-01-12,0.00177657392476505,0.000750693753033715
2024-01-16,-0.0123935766926522,-0.00373831905235633
2024-01-17,-0.00518695323027352,-0.00563273127110797
2024-01-18,0.0320513567909151,0.00876672072624274
2024-01-19,0.0154137177840825,0.0122383082325488
2024-01-22,0.0120900017680379,0.00219192118723122
2024-01-23,0.00663120452529053,0.00291711534076455
2024-01-24,-0.00349010334093247,0.000811598976216743
2024-01-25,-0.00169805781257359,0.00524657813497953
2024-01-26,-0.00905359552818208,-0.000651997755426237
2024-01-29,-0.00359235821270332,0.00752836550524627
2024-01-30,-0.0194334713834126,-0.000600830396980001
2024-01-31,-0.0195473675376094,-0.0162368517407323
2024-02-01,0.0132522002882665,0.0124162861140498
2024-02-02,-0.00541962802857388,0.0106277707226319
2024-02-05,0.00979842343900206,-0.00319142470928391
2024-02-06,0.00859469583212658,0.00230774593174843
2024-02-07,0.000580932524966826,0.0082076825940085
2024-02-08,-0.00577135272071505,0.000570420540091376
2024-02-09,0.00408567700175499,0.00572591712879422
2024-02-12,-0.00904258126219748,-0.000949404142652099
2024-02-13,-0.0113385129476313,-0.013768609419845
2024-02-14,-0.00482145880954743,0.00953416830421716
2024-02-15,-0.00157579057785462,0.00580437267404044
2024-02-16,-0.00846609092941808,-0.0048150435759613
2024-02-20,-0.00412246635907376,-0.0060234264658181
2024-02-21,0.00417736297229521,0.00126340149510362
2024-02-22,0.0111811266390855,0.020902888666404
2024-02-23,-0.0100847547399576,0.000347887026501681
2024-02-26,-0.00747921068687596,-0.00379393924466775
2024-02-27,0.00808162316331718,0.00170489553872066
2024-02-28,-0.00664751495497562,-0.00165953132111163
2024-02-29,-0.00369982929679047,0.00521547045579851
2024-03-01,-0.00604868547489357,0.00797593643338779
2024-03-04,-0.0257090262761928,-0.00119397457496184
2024-03-05,-0.0288531843102264,-0.010245406275919
2024-03-06,-0.00589546224850235,0.00512793285300184
2024-03-07,-0.000709771297740858,0.0102514022849842
2024-03-08,0.0101844868995355,-0.00654992299205048
2024-03-11,0.0117622097980785,-0.00112286826802865
2024-03-12,0.00277458858710578,0.0111395125866682
2024-03-13,-0.0121965660261729,-0.00192638400212175
2024-03-14,0.0108680881651555,-0.00287522105149485
2024-03-15,-0.00219902974939323,-0.00650402285973861
2024-03-18,0.00635212214932146,0.0062981842384815
2024-03-19,0.0134937118640659,0.00563325304434237
2024-03-20,0.0146021426768117,0.00886476551636051
2024-03-21,-0.0417156457876668,0.00323130909452907
2024-03-22,0.00529619693758043,-0.00140317183432614
2024-03-25,-0.0083350565146505,-0.00305964038203221
2024-03-26,-0.00669494904306944,-0.0028037219828061
2024-03-27,0.0209908173055471,0.00859359558270612
2024-03-28,-0.0106153235825586,0.00111586270076103
2024-04-01,-0.00849173437190576,-0.00201561452695742
2024-04-02,-0.00702332696466534,-0.00726538820367217
2024-04-03,0.00478593330506438,0.00109052752333838
2024-04-04,-0.00490440487961763,-0.0124110356192624
2024-04-05,0.0044917187985023,0.0110380501356993
2024-04-08,-0.00668602409304597,-0.000374701190041904
2024-04-09,0.00721660217279396,0.00144444947363453
2024-04-10,-0.0112016896290505,-0.00950198183221218
2024-04-11,0.0423608910707101,0.00741722198334216
2024-04-12,0.00858952690812576,-0.0146575878022475
2024-04-15,-0.0221061776973857,-0.0120941957874603
2024-04-16,-0.0193533919021904,-0.00205862452750338
2024-04-17,-0.00818045625543018,-0.0057973750760052
2024-04-18,-0.00573093702539929,-0.00221060170048482
2024-04-19,-0.0122877684468499,-0.00879712965405588
2024-04-22,0.00507811036942929,0.00869335115683789
2024-04-23,0.00637130314968282,0.0118935665677231
2024-04-24,0.0126221950017866,0.000212987377931739
2024-04-25,0.00513428996723864,-0.0045869342701188
2024-04-26,-0.00347901407330298,0.0101573813323252
2024-04-29,0.0245054199107617,0.00317340807663946
2024-04-30,-0.0184399131932604,-0.0158555511189284
2024-05-01,-0.00606550671750128,-0.00344135348563057
2024-05-02,0.0217926437148863,0.00908702472508338
2024-05-03,0.0580955857277381,0.0124785576595094
2024-05-06,-0.00914840330665267,0.0102731736912478
2024-05-07,0.00378998221039062,0.0013425282288253
2024-05-08,0.00186244474272534,-5.83563519462871e-06
2024-05-09,0.00996431205976478,0.00507803263910844
2024-05-10,-0.00691404177411314,0.00164804008016617
2024-05-13,0.0174916031428358,-0.000241333173866209
2024-05-14,0.00615452493495461,0.00482614852745478
2024-05-15,0.0121438867463031,0.0116478277873
2024-05-16,0.000632232988414749,-0.00208383747408902
2024-05-17,0.000158097043242655,0.00116409568789422
2024-05-20,0.0061430695443363,0.000915970308490444
2024-05-21,0.00683385743559128,0.00249874976689313
2024-05-22,-0.00756698718145898,-0.00270979120935166
2024-05-23,-0.0212828853209368,-0.00740816228347185
2024-05-24,0.0164519892566908,0.00697664907667317
2024-05-28,5.26899366111167e-05,0.000248770906885909
2024-05-29,0.00157779239049649,-0.00739431721574313
2024-05-30,0.00524129374963955,-0.00599295753575291
2024-05-31,0.00500611061961997,0.00799582423192824
2024-06-03,0.00921611429987745,0.00111546022353437
2024-06-04,0.00164790504324586,0.00150168100378423
2024-06-05,0.0077905000473999,0.0117780158499556
2024-06-06,-0.00712185060809389,-0.00019983660163625
2024-06-07,0.012315819792069,-0.00111584205027881
2024-06-10,-0.019333398575565,0.00257752997824134
2024-06-11,0.0701314535744659,0.00270671485520957
2024-06-12,0.0281776133411062,0.00846772024188702
2024-06-13,0.0054760849128348,0.00234191143711726
2024-06-14,-0.00820189505058,-0.00039393828099854
2024-06-17,0.0194804526431707,0.0076351643723207
2024-06-18,-0.0110451767040907,0.00251815418151757
2024-06-20,-0.0217475842298711,-0.00252912739541244
2024-06-21,-0.0104993866417944,-0.00156335171882382
2024-06-24,0.00312767530586111,-0.00306987915586809
2024-06-25,0.00445814073504724,0.00392587367918296
2024-06-26,0.0197960569349913,0.00157119622472024
2024-06-27,0.00397800370047818,0.000906909856798421
2024-06-28,-0.0163875643663705,-0.00409201346236898
2024-07-01,0.0286890885091946,0.00267199098142967
2024-07-02,0.0161095002219245,0.00617620577118494
2024-07-03,0.00579407191482417,0.0050715622695332
2024-07-05,0.021390049012048,0.00543397436096882
2024-07-08,0.00651762479498874,0.00101618247640545
2024-07-09,0.00376770786140312,0.000740797478064437
2024-07-10,0.0186289637936099,0.0101563148781061
2024-07-11,-0.0234946817699226,-0.00880164996926602
2024-07-12,0.0129664253064217,0.00550186402496422
2024-07-15,0.0166047073161071,0.00282221642335401
2024-07-16,0.00179027923502506,0.00636904997145216
2024-07-17,-0.0256214651062372,-0.0140254415236445
2024-07-18,-0.0207485986693703,-0.00784711214535072
2024-07-19,0.000579840029499401,-0.00716587922640599
2024-07-22,-0.00156152049742619,0.0107342172462204
2024-07-23,0.00467726543629787,-0.00155931769394613
2024-07-24,-0.0291758004778746,-0.0234212422228932
2024-07-25,-0.00481614328757285,-0.00515588901971675
2024-07-26,0.00215865008103844,0.0110294204095709
2024-07-29,0.00128386782588308,0.00081297957182791
2024-07-30,0.00256273098014415,-0.00497251436136636
2024-07-31,0.0148794427466949,0.0156699807019169
2024-08-01,-0.0168924689644605,-0.0137881237919899
2024-08-02,0.00684593430552471,-0.0185529066085532
2024-08-05,-0.0493656308551937,-0.0304270413923931
2024-08-06,-0.00979611478681353,0.0103008494935999
2024-08-07,0.0124208380939166,-0.00776471538877033
2024-08-08,0.0164963913396203,0.022781139590899
2024-08-09,0.0136424097191297,0.00466079843438116
2024-08-12,0.00710460537188773,4.3033051721153e-05
2024-08-13,0.0170470373506273,0.0167072334190497
2024-08-14,0.00203159786642892,0.00381643656119834
2024-08-15,0.0134397942126459,0.016004489931305
2024-08-16,0.00590109550651619,0.00198780236839546
2024-08-19,-0.000708104178943181,0.00967532743617738
2024-08-20,0.00274092864658115,-0.00198652723760873
2024-08-21,-0.000485753567143199,0.00423071472100567
2024-08-22,-0.0082941178940219,-0.00897294225665668
2024-08-23,0.0102357180260322,0.0114179374016636
2024-08-26,0.00149774346577392,-0.00315871016960578
2024-08-27,0.00373454013190333,0.00159392511272394
2024-08-28,-0.00677641911457538,-0.00599390079473494
2024-08-29,0.0144650932235537,-3.93798434377146e-05
2024-08-30,-0.00344387389211587,0.0100424570791446
2024-09-03,-0.0275821012809212,-0.0213779633723981
2024-09-04,-0.00865618322660122,-0.00160382902738121
2024-09-05,0.00690391209096397,-0.00302258101467423
2024-09-06,-0.00703981233955631,-0.0174109445074233
2024-09-09,0.000407645351690356,0.0115135344358173
2024-09-10,-0.00362812116712075,0.00446269997779503
2024-09-11,0.0115185796359469,0.0106085556498421
2024-09-12,0.000493979654677013,0.00746735215680339
2024-09-13,-0.00121279961198972,0.00539314223435561
2024-09-16,-0.0281682124387022,0.00125584086731045
2024-09-17,0.0021702149592624,0.000264515093896023
2024-09-18,0.0178299006077403,-0.00290065870831313
2024-09-19,0.0363951563697773,0.0168343568927263
2024-09-20,-0.00293181572557089,-0.00194291363001575
2024-09-23,-0.00760985895869215,0.0028053344257124
2024-09-24,0.00396612830636922,0.0025080311033463
2024-09-25,-0.00440786472566312,-0.00186298320621248
2024-09-26,0.00506734822800414,0.00403054215819942
2024-09-27,0.00118605632814717,-0.00125400290007249
2024-09-30,0.0226143480402836,0.00422760365844077
2024-10-01,-0.0295747197200784,-0.00936784869445439
2024-10-02,0.00251656324655336,0.000138381326987513
2024-10-03,-0.00490661428819283,-0.00168282865445946
2024-10-04,0.00499485806673405,0.00893025569918571
2024-10-07,-0.0227885296383743,-0.00963226382938842
2024-10-08,0.018236777873776,0.00964270680469426
2024-10-09,0.0165605013574268,0.00708823101699529
2024-10-10,-0.00218076910880782,-0.00207226850598197
2024-10-11,-0.00652657363327691,0.0060336087072983
2024-10-14,0.0163455639191366,0.00767811457459366
2024-10-15,0.0109643681761922,-0.00763856603751378
2024-10-16,-0.00889129075100215,0.00466823278278028
2024-10-17,0.00159506362723594,-0.000171175128537371
2024-10-18,0.0122016897823913,0.00396368694277349
2024-10-21,0.0062782348628021,-0.0018244327564183
2024-10-22,-0.00262515409303887,-0.000474966667196597
2024-10-23,-0.0218603055871407,-0.00923382426767994
2024-10-24,-0.000823666891505148,0.00214347313055718
2024-10-25,0.00363652637881362,-0.000299492013185798
2024-10-28,0.00856265549353452,0.00264793462673296
2024-10-29,0.00115619350088991,0.00161282594490153
2024-10-30,-0.0153958885998957,-0.00330569167248917
2024-10-31,-0.0183772516595289,-0.0187901349287447
2024-11-01,-0.0133686604123753,0.00408415800452566
2024-11-04,-0.00404571280039434,-0.00281604481319064
2024-11-05,0.00646532092462859,0.0121910310295625
2024-11-06,-0.00327229363188231,0.0249812809571868
2024-11-07,0.0211469750136128,0.00740375417399619
2024-11-08,-0.00118902551692646,0.00374979403571807
2024-11-11,-0.0121014637041252,0.000968594190956296
2024-11-12,0,-0.00289685147693675
2024-11-13,0.00396127257515566,0.000232200764141766
2024-11-14,0.0136764952302562,-0.00606810858224449
2024-11-15,-0.0142095777865539,-0.0132914308667935
2024-11-18,0.0133329126678774,0.00391015974620679
2024-11-19,0.00113948125489483,0.00395575052059627
2024-11-20,0.00314915472332711,2.19506213348097e-05
2024-11-21,-0.00209824467259523,0.00532625184428781
2024-11-22,0.00589020284808939,0.00346195959153661
2024-11-25,0.0129663711597825,0.00301592782012605
2024-11-26,0.00936043805364406,0.00570569715526226
2024-11-27,-0.00055317765009999,-0.00380848108357768
2024-11-29,0.0101639891198007,0.0055921203968019
2024-12-02,0.00947750838491324,0.00244546388058176
2024-12-03,0.0126909075929085,0.000451347242021782
2024-12-04,0.0014825960715168,0.00603318162813693
2024-12-05,0.000123418947414855,-0.00187152583938222
2024-12-06,-0.000823312501477602,0.0024923453675374
2024-12-09,0.0159729778806046,-0.00616316728522648
2024-12-10,0.00412518460810851,-0.00296828431427976
2024-12-11,-0.00517951382231097,0.0081326264113688
2024-12-12,0.00594604848332914,-0.00542873146146405
2024-12-13,0.000685384898020835,-2.64669893716984e-05
2024-12-16,0.0116594480422689,0.00379215500878516
2024-12-17,0.00967263230734527,-0.00387147948065625
2024-12-18,-0.0216545195212348,-0.0299365053045175
2024-12-19,0.00699021986529225,-0.000865486750537769
2024-12-20,0.0186409937306369,0.010810479402398
2024-12-23,0.00306024461693433,0.00726084958561657
2024-12-24,0.0114127154922343,0.0109822331651266
2024-12-26,0.0031707082460315,-0.000405741088258083
2024-12-27,-0.0133306690776989,-0.0111173049649125
2024-12-30,-0.0133522355073667,-0.0107596739417293
2024-12-31,-0.00708283643660845,-0.00429400645898248
2025-01-02,-0.0265862124346992,-0.00222636314944857
2025-01-03,-0.00201144281000865,0.0125173567078249
2025-01-06,0.00671637533317426,0.00552276649681893
2025-01-07,-0.0114530895166034,-0.0111660215166367
2025-01-08,0.00202098339624968,0.00155914409383051
2025-01-10,-0.0243991052216179,-0.0155316376502324
2025-01-13,-0.0103979811456112,0.00157420437805378
2025-01-14,-0.00478957382175516,0.00114562333416401
2025-01-15,0.0194848612379008,0.0181471325045166
2025-01-16,-0.0412389589861606,-0.0021149243408658
2025-01-17,0.00750698490295054,0.00994147830839331
2025-01-21,-0.0324361781816878,0.00873000944059577
2025-01-22,0.00533064015104934,0.00611918108699427
2025-01-23,-0.000759753092117954,0.00529941945952928
2025-01-24,-0.00394234897135171,-0.0028592159844667
2025-01-27,0.0312856922492832,-0.0146880590321121
2025-01-28,0.0358921189041599,0.00917564417771644
2025-01-29,0.0046061204020873,-0.00468987605692028
2025-01-30,-0.00742222862213016,0.0052615481521805
2025-01-31,-0.00671462263700295,-0.00505960399026684
2025-02-03,-0.0344424031065476,-0.00763769072949572
2025-02-04,0.0207903014278807,0.00719890740302986
2025-02-05,-0.00141850632454155,0.00390105391561413
2025-02-06,0.00322096675060202,0.00363767435526618
2025-02-07,-0.0242606530395744,-0.00950984569366042
2025-02-10,0.0011866722427305,0.00669011229545369
2025-02-11,0.0215969607402995,0.000339525143674635
2025-02-12,0.0181052249766767,-0.00272758318964783
2025-02-13,0.01948219072949,0.0103723132142353
2025-02-14,0.0126305702761345,-7.19463955736188e-05
2025-02-18,-0.000531639503039472,0.00244200365555081
2025-02-19,0.00163487786781236,0.0023741488668243
2025-02-20,0.00391281116535858,-0.00434360488428887
2025-02-21,-0.00113968194373104,-0.0172113966725398
2025-02-24,0.0062925211154985,-0.00498149356625177
2025-02-25,-0.000242840178024117,-0.00469071513839658
2025-02-26,-0.027412548030485,0.000136015029584158
2025-02-27,-0.0128125132280523,-0.0159917426785245
2025-02-28,0.0189511041176464,0.0157297804206635
2025-03-03,-0.0158795948793387,-0.0177534026483102
2025-03-04,-0.00886160591505902,-0.0123102882315056
2025-03-05,-0.000805660749040982,0.0110974725287356
2025-03-06,-0.00174070812801297,-0.017979677107455
2025-03-07,0.0157676757981005,0.00550543504545509
2025-03-10,-0.0496940641819705,-0.0273435417884293
2025-03-11,-0.0296238869994063,-0.00759664691853601
2025-03-12,-0.0176333301762766,0.00487496794049136
2025-03-13,-0.0342225726327889,-0.0139883668064655
2025-03-14,0.0180075329624465,0.0210429059531982
2025-03-17,0.00238592711537766,0.00639563497460571
2025-03-18,-0.0061404089543311,-0.0107106670743207
2025-03-19,0.0119180078318522,0.010740608172954
2025-03-20,-0.00531042981006458,-0.00218728351378239
2025-03-21,0.0192895486970066,0.00082431360783275
2025-03-24,0.0112074802659903,0.0174921171286382
2025-03-25,0.0135891322604236,0.0015730954906541
2025-03-26,-0.00997136662313913,-0.0112196403575986
2025-03-27,0.0104181831552799,-0.00331246100713223
2025-03-28,-0.0269399388247162,-0.0199346011268524
2025-03-31,0.0192265338075028,0.00552324035764507
2025-04-01,0.00476065108284551,0.00377410455521243
2025-04-02,0.00313142466160166,0.00670566142948381
2025-04-03,-0.0970133399676598,-0.049605911828996
2025-04-04,-0.0756802782773009,-0.0616090618982312
2025-04-07,-0.0374259446333562,-0.00233419460596274
2025-04-08,-0.0511019232330501,-0.0158250832770559
2025-04-09,0.142617413884618,0.0908948798330371
2025-04-10,-0.0433186091899662,-0.0352206070241117
2025-04-11,0.0397920894766868,0.0179303808357769
2025-04-14,0.0218144408124381,0.00791331932634343
2025-04-15,-0.00187814989480461,-0.00172927522530131
2025-04-16,-0.0397115704978583,-0.0226632539649021
2025-04-17,0.0138532676399921,0.00132595862377372
2025-04-21,-0.0195834073712762,-0.0238496483340196
2025-04-22,0.0334977702833115,0.0248069521254504
2025-04-23,0.024040270174055,0.0165238643668797
2025-04-24,0.0182584507142423,0.0200566280825836
2025-04-25,0.00435772555444025,0.0073460847957012
2025-04-28,0.00410095215422857,0.000640501539001193
2025-04-29,0.00507890789664334,0.0057856415455575
2025-04-30,0.00608904780438024,0.00147889725193195
2025-05-01,0.0038514465178654,0.00627934571645206
2025-05-02,-0.0380775218163825,0.014619191109114
2025-05-05,-0.0319639787887729,-0.00640204702931868
2025-05-06,-0.00191253865952401,-0.00772298527839155
2025-05-07,-0.0114500720288353,0.0043369381067091
2025-05-08,0.0062986720821776,0.00578302114746698
2025-05-09,0.00525229738195332,-0.000711734134876352
2025-05-12,0.0612325337240938,0.0320399766770194
2025-05-13,0.0101012007038133,0.00722205902024697
2025-05-14,-0.0028218550352932,0.00102389124227642
2025-05-15,-0.00415319746907983,0.00412381743875656
2025-05-16,-0.000898884601509664,0.00698084936809984
2025-05-19,-0.0118085227012967,0.000875729566049088
2025-05-20,-0.00923880248067466,-0.003887777069572
2025-05-21,-0.0233291443951487,-0.0162667192677599
2025-05-22,-0.00361878162385043,-0.000444970022421387
2025-05-23,-0.0307111048786144,-0.00673089959147255
2025-05-27,0.0249836269214843,0.0202525808021843
2025-05-28,0.00104828732302931,-0.00558680257644539
2025-05-29,-0.00234779329898593,0.00400317087063229
2025-05-30,0.00449106690063328,-8.11884569955623e-05
2025-06-02,0.00422303859220019,0.00409365149062602
2025-06-03,0.00775374755762837,0.00578353353536976
2025-06-04,-0.00221627878298403,7.36847447182498e-05
2025-06-05,-0.0108564388294807,-0.00529135797869706
2025-06-06,0.0162652456590955,0.0102281962153761
2025-06-09,-0.0121864866279253,0.000919525186391823
2025-06-10,0.00603772663629876,0.00546801254164642
2025-06-11,-0.0193802328284072,-0.00274766031828655
2025-06-12,0.00211061241593136,0.0038151330716758
2025-06-13,-0.013901459318217,-0.0113606685901022
2025-06-16,0.00997818717645327,0.00934882314818886
2025-06-17,-0.0141098108676614,-0.00838725972364429
2025-06-18,0.00479316389988949,-0.000309288034719302
2025-06-20,0.0222354886693674,-0.00218103521558888
2025-06-23,0.00248442873631838,0.00956065507125992
2025-06-24,-0.00597316886243071,0.0110603286169582
2025-06-25,0.00627094973641373,-3.28610834898768e-06
2025-06-26,-0.0027822096103014,0.00798813103251739
2025-06-27,0.000397932749592655,0.00520539925615005
2025-06-30,0.0201360617669746,0.00515113750612883
2025-07-01,0.0128334526422647,-0.00111915710987986
2025-07-02,0.0219872927821232,0.00473387430649019
2025-07-03,0.00521138259102205,0.00830437821066532
2025-07-07,-0.0170016751069726,-0.00789336810424501
2025-07-08,0.00028572472119226,-0.000716143250469869
2025-07-09,0.00536627180595151,0.00604380277678018
2025-07-10,0.00599700592818309,0.00274244107292532
2025-07-11,-0.00590219545338133,-0.00330297177322514
2025-07-14,-0.0121017668165662,0.00140642433093596
2025-07-15,0.00234599833676619,-0.00396414506567133
2025-07-16,0.00500871386358526,0.00318856852538296
2025-07-17,-0.000666293355298109,0.00535938024001226
2025-07-18,0.00550793203382138,-9.04903028082771e-05
2025-07-21,0.00613706506757516,0.00139815700567247
2025-07-22,0.0089955366762613,0.000637328496667422
2025-07-23,-0.00116670425106502,0.0077815321457031
2025-07-24,-0.00182277817219934,0.000697979996932219
2025-07-25,0.000561258324225378,0.00396645100168058
2025-07-28,0.000794499646707081,0.000176842471267591
2025-07-29,-0.013072671467496,-0.00296383019746749
2025-07-30,-0.0105635130005588,-0.00125021393851021
2025-07-31,-0.00710482444920046,-0.00370166204637457
2025-08-01,-0.0253214437052325,-0.016121387185569
2025-08-04,0.00478150936566113,0.0146295644914147
2025-08-05,-0.00211682069329733,-0.00486970378046259
2025-08-06,0.0496532989876073,0.00725552221985382
2025-08-07,0.0312987819032671,-0.000797798171827679
2025-08-08,0.0414853545653466,0.00776945481638869
2025-08-11,-0.0083723759115566,-0.00250726839388449
2025-08-12,0.0108136910772672,0.0112815590751705
2025-08-13,0.0158974373616649,0.00322487338404542
2025-08-14,-0.00235994393868832,0.000303044878554815
2025-08-15,-0.00512533493522227,-0.00290133991636488
2025-08-18,-0.00302716519469648,-0.000100768257736306
2025-08-19,-0.00143022557303318,-0.00587532911220734
2025-08-20,-0.019931918169541,-0.00243463063226379
2025-08-21,-0.00492341648259664,-0.00401221972895094
2025-08-22,0.0126366258301207,0.0150722851587783
2025-08-25,-0.00263777452475988,-0.00427551253964609
2025-08-26,0.00942016138224133,0.00412547371011662
2025-08-27,0.00513271984041008,0.00238813045330311
2025-08-28,0.00894074918405963,0.00315174744146596
2025-08-29,-0.00180763431545827,-0.00641874040279156
2025-09-02,-0.0104794348817352,-0.00694635006103184
2025-09-03,0.0373823332188685,0.00508711230294168
2025-09-04,0.00547833038399581,0.00831184710287403
2025-09-05,-0.000375477066894447,-0.00317017266993602
2025-09-08,-0.00758004513282984,0.00210376445088833
2025-09-09,-0.0149506219450659,0.00268454703007315
2025-09-10,-0.0327912710458058,0.00297902822939733
2025-09-11,0.0141852768091866,0.0084500876230944
2025-09-12,0.0174105622704577,-0.000482877881427868
2025-09-15,0.0111731844856813,0.00469557772655982
2025-09-16,0.00610724812614638,-0.00128876043333115
2025-09-17,0.00352101396883953,-0.000970639078245128
2025-09-18,-0.00465539266943971,0.0047776878367074
2025-09-19,0.0315305839144653,0.00487352393748175
2025-09-22,0.0421929003025898,0.00440035071476252
2025-09-23,-0.00646410581354839,-0.00551735182873969
2025-09-24,-0.00836725849202491,-0.00285067716529497
2025-09-25,0.017911592357124,-0.00502164874252742
2025-09-26,-0.00550422112763105,0.00588448913041439
2025-09-29,-0.00404011273746807,0.00263207725991244
2025-09-30,0.000785806182006077,0.00408250361350859
2025-10-01,0.00321516749509332,0.00339415417122346
2025-10-02,0.00655509624500183,0.00061816362138245
2025-10-03,0.00345530302190511,6.55106568672181e-05
2025-10-06,-0.00516790691673563,0.0036399592827614
2025-10-07,-0.000818479289569574,-0.00381868770685223
2025-10-08,0.00614137409729754,0.00581074849418783
2025-10-09,-0.0157004100800648,-0.00275937398027892
2025-10-10,-0.0351320102409494,-0.0274859754398999
2025-10-13,0.00969718891584748,0.0154782630369343
2025-10-14,0.000444043533683214,-0.00156555149694348
2025-10-15,0.00631648258450035,0.00401791850342903
2025-10-16,-0.00760886090686697,-0.00631428027514325
2025-10-17,0.0193706292840004,0.00525687394452667
2025-10-20,0.0386809749453052,0.0106157241361444
2025-10-21,0.00201900970116231,3.26959164169693e-05
2025-10-22,-0.0165768184182982,-0.00535183477474277
2025-10-23,0.00436252360316836,0.00581047986201355
2025-10-24,0.0124045242481055,0.00787136197524418
2025-10-27,0.0225354329726732,0.0122151413273794
2025-10-28,0.000706560650567845,0.00228533050223056
2025-10-29,0.0025988547161786,-4.35792047337458e-05
2025-10-30,0.00628344682732784,-0.00995419142453535
2025-10-31,-0.00380226234492209,0.0026145009178844
2025-11-03,-0.00489421503578313,0.00171923399691742
2025-11-04,0.00367290507021867,-0.0118062503923273
2025-11-05,0.000370296057114139,0.00364689767568827
2025-11-06,-0.00137070152506524,-0.011241134514723
2025-11-07,-0.00483052742358936,0.00126104634749424
2025-11-10,0.00453840743467282,0.0152836267035017
2025-11-11,0.021371105932448,0.00207319995239175
2025-11-12,-0.00648779183336234,0.000629319125945216
2025-11-13,-0.00190325013584225,-0.0166954516309286
2025-11-14,-0.0019804359095259,-0.000501851471272019
2025-11-17,-0.0183382659850775,-0.009204497894304
2025-11-18,-7.46949755638937e-05,-0.0082907098441698
2025-11-19,0.00417901349099026,0.0037468077372651
2025-11-20,-0.00863859946907031,-0.0156897261163156
2025-11-21,0.0194894988223488,0.00977510304159246
2025-11-24,0.0161858258260112,0.0153488188990814
2025-11-25,0.00379820219576388,0.00902088600083317
2025-11-26,0.0020918259041709,0.00688296943615008
2025-11-28,0.00467295213341501,0.00534048734113668
2025-12-01,0.0151262094613092,-0.00533754874605563
2025-12-02,0.0108556837967431,0.00245422119593641
2025-12-03,-0.00715363363199994,0.00297536052108605
2025-12-04,-0.0122157932793749,0.00107973871197409
2025-12-05,-0.00686357098380252,0.00193476888467892
2025-12-08,-0.00319756021894513,-0.00348331533164803
2025-12-09,-0.00255828900234167,-0.000876743161013493
2025-12-10,0.0057558492212868,0.00672688065914073
2025-12-11,-0.00269391604109082,0.0020771919837177
2025-12-12,0.000898851787046517,-0.010720913458556
2025-12-15,-0.0150984459758865,-0.00159783889183629
2025-12-16,0.00182245893950217,-0.00238676400844007
2025-12-17,-0.0101381948274462,-0.0116598566113701
2025-12-18,0.00128668509973107,0.00790295152047804
2025-12-19,0.00542272686112621,0.00877940742183014
2025-12-22,-0.00991501150095964,0.00641587057556059
2025-12-23,0.00511661387782869,0.00454006704678989
2025-12-24,0.00530969442554241,0.00321630434470066
2025-12-26,-0.00149847517859403,-0.00030440987710989
2025-12-29,0.00131594700671567,-0.00349816292393612
2025-12-30,-0.002487083525196,-0.00137661425065438
2025-12-31,-0.00447761105496536,-0.00738486743424893
2026-01-02,-0.00313142166697755,0.0018929140261168
2026-01-05,-0.0139337385176139,0.00633402451105169
2026-01-06,-0.0185044652798467,0.00617759200389223
2026-01-07,-0.00776756699610726,-0.00344585357100868
2026-01-08,-0.00496742559275454,7.65453294224727e-05
2026-01-09,0.00127308469854803,0.00645461113832013
2026-01-12,0.00338710749333693,0.00157639005918142
2026-01-13,0.00306914771334199,-0.00194100558820764
2026-01-14,-0.00418410137107639,-0.00534763358413493
2026-01-15,-0.00675463753375283,0.00257660392044379
2026-01-16,-0.0104333114788382,-0.000642508668450503
2026-01-20,-0.0351668016880478,-0.0208424609532614
2026-01-21,0.00384343563642897,0.0115211176335599
2026-01-22,0.00282262469743433,0.00547250070790284
2026-01-23,-0.00124906926807711,0.000326816427481447
2026-01-26,0.0292800862387645,0.00499359426015999
2026-01-27,0.0111353492612505,0.00407358784044121
2026-01-28,-0.00711066630109602,-8.1726391700343e-05
2026-01-29,0.00714945879943585,-0.00129346744246206
2026-01-30,0.00463537945615577,-0.00431117941445791
2026-02-02,0.0397794264034301,0.00537678527736318
2026-02-03,-0.00196484129697527,-0.00843949559066282
2026-02-04,0.0256803727265567,-0.00508530015501485
2026-02-05,-0.00209985400747481,-0.0123266778538316
2026-02-06,0.00797788576624647,0.0195043442822005
2026-02-09,-0.0117290308885893,0.00468011786012212
2026-02-10,-0.00342879220598569,-0.00330918228450905
2026-02-11,0.00662811468560065,-4.89572699500229e-05
2026-02-12,-0.0512741485728272,-0.0157849413861175
2026-02-13,-0.0229957847874411,0.000498964644446431
2026-02-17,0.0311767776258813,0.00103079063065614
2026-02-18,0.00177953291164368,0.00555063682113577
2026-02-19,-0.0143641415256219,-0.00282611539153521
2026-02-20,0.0152337480384972,0.00691575570217395
2026-02-23,0.0060291318592709,-0.010439959471455
2026-02-24,0.0221439494471829,0.00762248896238304
2026-02-25,0.00765051680674045,0.00810343397012936
2026-02-26,-0.0046785374459386,-0.00538002699556728
2026-02-27,-0.0326580116789899,-0.00434879512803654
2026-03-02,0.00204200695328893,0.000398275413134641
2026-03-03,-0.00367098343437977,-0.0094889087313117
2026-03-04,-0.00467445703424563,0.00772612574014886
2026-03-05,-0.0085308008759144,-0.00566270777270361
2026-03-06,-0.0109320918379465,-0.0133657204324962
2026-03-09,0.00935566975887969,0.00826987166538906
